<?xml version="1.0" encoding="UTF-8"?>
<project xmlns="http://maven.apache.org/POM/4.0.0" xmlns:xsi="http://www.w3.org/2001/XMLSchema-instance"
	xsi:schemaLocation="http://maven.apache.org/POM/4.0.0 https://maven.apache.org/xsd/maven-4.0.0.xsd">
	<modelVersion>4.0.0</modelVersion>
	<parent>
		<groupId>org.springframework.boot</groupId>
		<artifactId>spring-boot-starter-parent</artifactId>
		<version>3.2.0</version>
		<relativePath/> <!-- lookup parent from repository -->
	</parent>
	<groupId>com.dojo</groupId>
	<artifactId>examen</artifactId>
	<version>0.0.1-SNAPSHOT</version>
	<packaging>war</packaging>
	<name>authentication</name>
	<description>Demo project for Spring Boot</description>
	<properties>
		<java.version>17</java.version>
	</properties>
	<dependencies>
		<dependency>
			<groupId>org.springframework.boot</groupId>
			<artifactId>spring-boot-starter-data-jpa</artifactId>
		</dependency>
		<dependency>
			<groupId>org.springframework.boot</groupId>
			<artifactId>spring-boot-starter-web</artifactId>
		</dependency>

		<dependency>
			<groupId>org.springframework.boot</groupId>
			<artifactId>spring-boot-devtools</artifactId>
			<scope>runtime</scope>
			<optional>true</optional>
		</dependency>
		<dependency>
			<groupId>com.mysql</groupId>
			<artifactId>mysql-connector-j</artifactId>
			<scope>runtime</scope>
		</dependency>
		<dependency>
			<groupId>org.springframework.boot</groupId>
			<artifactId>spring-boot-starter-tomcat</artifactId>
			<scope>provided</scope>
		</dependency>
		<dependency>
			<groupId>org.springframework.boot</groupId>
			<artifactId>spring-boot-starter-test</artifactId>
			<scope>test</scope>
		</dependency>
		
			
		<!--JASPER DEPENDENCIES-->

		<dependency>
			<groupId>org.apache.tomcat.embed</groupId>
			<artifactId>tomcat-embed-jasper</artifactId>
		</dependency>

		<!--JSTL DEPENDENCIES-->
		<dependency>
			<groupId>jakarta.servlet.jsp.jstl</groupId>
			<artifactId>jakarta.servlet.jsp.jstl-api</artifactId>
		</dependency>
		<dependency>
			<groupId>org.glassfish.web</groupId>
			<artifactId>jakarta.servlet.jsp.jstl</artifactId>
		</dependency>

		<dependency>
			<groupId>org.webjars</groupId>
			<artifactId>webjars-locator</artifactId>
			<version>0.46</version>
		</dependency>

		<!-- BOOTSTRAP DEPENDENCIES -->
		<dependency>
			<groupId>org.webjars</groupId>
			<artifactId>bootstrap</artifactId>
			<version>5.2.3</version>
		</dependency>

		<!-- VALIDACIONES DEL MODELO -->
		<dependency>
			<groupId>org.springframework.boot</groupId>
			<artifactId>spring-boot-starter-validation</artifactId>
		</dependency>
		
		  <dependency>
            <groupId>org.mindrot</groupId>
            <artifactId>jbcrypt</artifactId>
            <version>0.4</version>
        </dependency>
		
		
	</dependencies>

	<build>
		<plugins>
			<plugin>
				<groupId>org.springframework.boot</groupId>
				<artifactId>spring-boot-maven-plugin</artifactId>
			</plugin>
		</plugins>
	</build>

</project>
